"Project Manager","Joining Date","Total Start Up Funds"
"Abhay Grover",2024-08-20,"  67042.02"
"Alecia Evans",2024-08-20,"  22810.00"
"Alexander James",2023-08-22,"  25656.00"
"Alexander Tuft",2024-08-20,"  60104.26"
"Amy Shane-Nichols",2024-08-20,"  16000.00"
"Anna Payne",2023-08-22,"  10953.00"
"Aysegul Demir",2022-08-16,"  94382.17"
"Brittney Phillips",2024-08-20,"   8540.66"
"Cameron Borgholthaus",2024-08-20,"  46234.26"
"Emil Eidin",NA,"  12396.00"
"Izabela Ragan",2025-01-21," 148700.00"
"Jarrod Bock",2024-08-20,"  14000.00"
"Jennifer Krause",2024-08-20,"   9810.00"
"Jennifer Pinello",2024-08-20," 475000.00"
"Jordan Dyett",2024-08-20,"  10000.00"
"Julie Kuper",2024-08-20,"  13400.00"
"Kelly Grogan",2024-08-20,"  41005.00"
"Madeline Lewis",2023-08-22," 267000.00"
"Magdalena Wor",2023-08-22,"  10000.00"
"Mariela Srednik",2024-08-20," 148700.00"
"Marisa Macy",2024-08-20,"   4318.00"
"Matthew Burgess",2024-08-20," 266100.00"
"Matthew Schlomer",2024-08-20,"  20000.00"
"Michael Imhof",2023-08-22,"  63744.00"
"Natasha Bernhardt",2024-08-20,"  57022.34"
"Nicolina Taylor",2024-08-20,"  45310.52"
"Peter Burton",2024-08-20,"  71066.32"
"Richard Woodward",NA,"        NA"
"Robert Davis",2023-08-22,"  62532.00"
"Ryan Bailey",2023-08-22,"  46920.00"
"Samuel Matthews",2023-08-22,"  46920.00"
"Sarah Kane",2025-01-13," 250000.00"
"Stella Nowell",2024-08-20,"   9921.00"
"Tiffany Hunt",2014-08-26,"  11940.00"
"Tyler Tedmon-Jones",2024-08-20,"  10985.00"
"Xuesong Li",2023-08-22," 434500.00"
"Xuhao Yang",2024-08-20,"   5600.00"
